var_0,target
59.47280034388909,62.61355107060827
0.4137982951585628,99.28054047129989
81.71058506328266,46.58957632287927
85.87123494657679,54.15865927962494
27.503416287983818,86.45949089678452
41.60374069302599,48.75627162493616
63.97557983652226,4.725186799527837
6.158402101266103,64.1163848620525
11.851985966133228,61.98950525552648
45.84415436042192,56.49418646785892
47.37707349719166,48.66926562709981
47.230751880365574,77.23476410415726
14.092065404386178,49.996249744662116
85.96902747115902,50.880126384724456
29.153276907167523,38.50517190047734
4.7790532923746465,56.30463170631253
50.78598430554745,34.70295537033131
73.84416613716556,80.7359786434351
75.75903241671894,53.311337944115344
93.55621290734314,21.332413311245613
62.481926964068016,71.28025532719282
59.5289742836799,49.19595142915042
61.524204512589634,71.00638157551808
26.192468634270448,1.6460858498193898
14.642065852629493,85.76417455621167
78.5435104083651,71.57229827154161
71.53507631495236,25.482873974130015
71.1281874134835,1.1039407853320693
50.14548301935441,93.38445095372599
44.33784658794251,93.91846460137545
55.64716212195356,49.91362763607411
72.1700684736726,89.76999317238355
21.421475767625342,38.78181873648021
41.6430640135174,29.709439554136907
26.43523039969834,6.438827077310272
26.05746895869261,40.311050203808016
69.17830341258377,35.589883955729874
73.73081043201441,53.42855982702604
12.154446750827464,57.89094469576687
50.15734075679371,59.05655340545564
17.56261078241336,50.68695772883688
51.73827012141767,70.1259310920076
92.19922907837802,11.93357033759932
96.12723431298008,56.746353032213484
15.03423440740801,23.280388068667623
40.14702012175263,80.902158333474
1.193647175774537,13.897172184496998
91.81480478382218,51.819620615636275
87.40048184420192,92.69365379011221
22.798777806230643,88.18914967355663
82.42767738002378,95.33215046462344
97.08050523664714,81.80952970582499
81.76160752819244,74.52343084541894
76.11270235748475,64.5693643970319
72.93950429203237,9.075961150197553
94.32522118406598,0.46019268307940786
57.29846978750292,26.261896483342618
28.924602742213878,77.12206977718161
4.01945812025839,5.7785113522167535
46.344652963556,8.302713412126007
58.42023116932733,24.873463860954203
96.95313389256295,79.22922196733558
17.216680951759233,62.16031351963207
74.0084885185459,81.74633250161035
63.136999056762875,60.73712734107293
59.23438126443783,32.55860997678488
49.57554827489618,19.217835577334686
89.47338776179579,65.82456619743107
43.134526917623226,61.51853334190868
83.22454039333019,48.98485760493051
15.7117228637061,20.589108690561055
5.296572053414417,68.85946810795922
18.75265677971121,97.89414433522666
43.95050978778611,46.349457039708696
70.00351810656073,65.18051563351568
5.043054050674667,13.461924956895244
79.30160394127526,17.62257707889219
86.48336704802452,90.46395189423791
20.731667016772583,23.66612192774602
77.97612937676166,17.34442890625656
5.67815733286916,70.91697246590186
5.8954257382977,5.1457938714319145
30.195208061302694,81.02666813633176
9.168606003943525,41.67298299497575
25.730405888032482,86.26683408051845
71.75438478175111,99.10672374030504
69.43326575081514,44.85284637212739
96.8434567004222,47.413969106041506
58.16151931239448,54.6329405698837
62.049636768880156,90.05856883521614
81.68218173826132,48.84174359680424
83.32170829958345,59.266117326833
74.18028244915854,39.77458741607314
49.031054559653406,91.74356424758624
12.896544429715707,60.12526528409454
62.60865990036643,76.03952468510433
0.7694741026629703,75.4013353996786
18.422722095893274,45.782900291007024
74.43177724316051,30.904215366243847
93.12901990051986,61.5434305931724
14.524999575803344,89.93818324170306
40.764215493127196,71.92085224125964
23.57455130102235,66.60998751898855
6.1442462642733116,92.855350336893
22.596449997051018,66.82618341099268
36.69201463302907,81.1008153397264
91.68799866168726,69.8163828477813
37.27836257862035,47.52945258400176
23.16693161637222,43.976053510571035
50.48953826588387,78.53485716228798
31.906333135885657,89.16644178776282
3.824410606460804,52.89388552709915
84.33737423793339,58.471860749940376
62.580250060713595,85.41860621361823
85.6564114605333,38.900601588797926
69.76907050368368,15.858631035381777
97.68258732494083,73.58121784818734
31.462764424598955,72.11819081785498
36.28336466280465,54.128018099864605
25.15341446825239,88.84781799179142
7.256901047616616,75.50344671625469
62.89292556666556,93.66354513894365
61.28510555552074,19.301714310839547
63.900927587978906,66.99191328447849
78.75047072594118,41.971247596548785
44.82944467206994,99.95239199209755
98.01889057438935,58.18493244427946
54.92644218977745,33.82265081562375
98.84104334696389,99.95418180343552
79.27099411800475,40.69903491702283
68.80517348392519,36.68481955638432
68.52992847437453,82.39069484060016
2.1798832585360084,42.70332334357128
49.48991310138755,96.80872149287173
47.48355048350751,31.50272020777719
84.75201288581422,74.64002436552781
73.75230746663115,45.04836426078437
8.235078235303195,58.05890467684546
30.083260220944897,38.07500014140698
44.23631224367056,83.30930781651675
58.27393110530896,2.710068726235304
0.6264321290219366,16.726322005441617
47.71360931826746,6.023279894101119
50.469338872161984,22.68843602757762
42.662806556891574,84.13699163247995
36.72192690832298,69.23206446526966
88.21595832455542,0.8409943130659348
31.047265593730057,24.711082950645245
35.26946014544785,86.7440711878342
18.014552902303326,60.13526874948748
6.31773216776611,0.28369314105781696
60.684950927417106,69.74146426129383
98.18343264345532,37.94388183440238
41.799279340889505,47.48524298064132
74.76752802452616,33.860078410575625
50.81867526379605,93.74845272183751
28.38555325041292,62.00295605539154
19.79180401504106,24.920998748918667
36.51825788551775,54.930343432341175
14.31753303811707,3.4892381704120234
3.7549474159656593,96.6387910160501
67.38310501075769,30.113612512387235
97.25103962661244,97.57703065575744
60.20934304134339,47.10489921750888
90.47484449612874,80.82411153662656
36.703172637449995,15.168153301265864
33.68642359121156,83.39473836135447
60.03192708969084,70.26465734015798
85.72207411994486,93.3842704379617
23.963180382758875,70.91018969986675
87.26928397054314,36.90899604745121
55.68853887286881,21.758179630329256
28.78239546616269,95.63749190375265
77.87346296699187,35.767835830177454
51.89831615390883,56.58512879652346
28.25029003998959,89.80602892238583
91.77157249076802,52.17903274291585
95.41058180307004,94.34362126043474
4.165747333183156,42.431417019270725
20.083582454021165,54.38061056606396
62.325728931667854,68.1120562444687
31.82251643467302,85.33194143923099
12.848178018413082,52.66427866397264
58.38232847964326,99.05080377417141
57.45809381173396,40.68789602123427
37.476674655851625,23.255578497783414
48.9523485290202,26.12903732372718
18.409052925230927,68.79553934820485
33.71318908984272,12.785154669203092
46.6414148251992,93.48187357295436
74.07012840804812,11.515419674545413
62.50054809276614,27.556173189264797
28.30740457147829,46.101634658467304
46.19278425061077,69.79853441381198
31.337786935325862,17.238504829116863
63.649419782218345,81.3589628402442
38.33650508553067,15.89159987030474
93.53408029592754,16.33432720837661
79.3938907360535,55.202679149128976
49.85491890735941,26.684530087315906
94.39220067092921,41.67171741130248
10.138324263105902,79.29413105649414
59.01277900173751,40.99491660447604
7.622905472640962,56.4680786785046
99.77213669118346,46.66108281397773
45.46284841436544,90.86652365136204
92.90879669473118,53.68346773794374
95.20900864135862,71.48197497458139
86.8722381048472,18.276864175517193
85.4881259963756,32.191442440510784
38.96692197787287,69.4584183510434
9.38659418583917,60.168640279022746
80.71119491562783,44.020531112948646
60.253875713299266,10.491799715687566
43.42097551592804,39.75352903301539
79.66208962072642,41.86803091737706
63.62283520832551,62.556596166488966
86.45013829851321,43.20543849374372
36.58377426350333,76.30216315566737
38.40427497985206,68.91879072018719
98.31471106792024,68.99698856817663
81.97064567619475,44.21177670872494
57.37902343526633,68.82749676574454
12.980671197926451,92.75549179057649
69.11416044222324,82.93636781632307
85.16879983305084,11.247580806954105
74.10321903911648,79.97278053155188
60.58949439665775,6.06349159272801
57.86041775114729,38.344266751195335
32.81514533027219,63.067868454785234
78.1149916362257,45.18045056889876
10.122013448811906,1.2539146215895247
38.69580063642526,91.94873815724046
19.42423591834116,93.26132345305261
46.83145712211982,52.91545628290821
62.77980728467932,42.52231383748794
23.32510808397561,76.8919217245468
37.31440082037171,65.16425393996886
60.94903895015352,32.49519632556993
81.83244534026348,10.736483150352727
5.25132250905923,46.47877687542703
45.9948674375951,24.596028400595692
31.017427228603633,77.4956010499365
98.87237580117912,25.993084923333466
24.592411531746595,14.83323150403354
83.27026565957047,89.50066980890058
78.31612432984112,3.046179580977726
91.85716313896613,76.12902337708766
10.330521816562454,58.86451622964386
75.18061184460959,75.84319146847135
68.22178915152517,51.702763807174655
80.13603976274088,70.24974127290447
62.1109019530548,73.46330491432595
99.52569615373335,54.58690890865777
58.300382530095064,54.73318116055659
83.78619724787487,58.91837974270956
38.25598807571984,33.770234700222225
34.62208042179358,89.92225720752305
33.09804552985619,93.88315919738794
94.06528431030623,18.27949585645815
90.40785491599308,29.7671814647285
71.69644511619926,99.36636127351044
29.893398183560173,58.259704489540034
50.72304366980372,48.62487074236562
4.667470865521761,66.12848561007387
9.692682391155705,85.67562092436867
67.1023438328102,81.02238222227058
38.65239556177814,13.886228097946196
91.20045420497036,74.19420128362309
76.1383621316996,79.42033413858893
92.46921127522283,50.90525534021831
40.06313579062396,39.16085265278738
0.19898797199221496,46.70731457727256
18.06283511298069,24.006394233294316
28.826460061330593,43.02283365869361
33.91354101604935,98.70268224479115
89.12055666144887,78.15547352184163
57.027948206749954,48.13268442342835
71.68886965207635,8.24766932120642
46.22739444702546,88.24780164143701
51.05052996221292,68.86943072957806
56.131770257840984,6.675965595561784
40.41065151150433,9.234547628522826
31.004531592331798,16.38994371422391
23.24466493169708,18.720004702563543
21.263399360738667,64.51968823545667
29.18736652966204,49.54897048414304
37.14074994079473,32.89222009051568
44.60820206934848,8.126652378185884
57.339298281088524,48.7416502146923
70.46692783745245,96.79955684262251
39.35598533462503,90.41893808030873
12.845105360200614,30.168345720174273
66.93853252151025,75.2985440061757
10.039974647173278,5.330164335847021
94.60166910835389,57.10773584129786
86.08484852250203,68.76135226955326
45.299553411641355,63.65778342262215
55.34701682613509,43.339556697829885
38.447721494417706,6.220644545932252
