target,feature1,feature2,feature3,feature4,feature5
0.9895245722360625,0.5885456468212094,0.23700936997241973,0.6562792257395393,0.826167197457434,0.6396441975417136
0.5835865804780236,0.8834758396212249,0.7848975440301766,0.5632043618276076,0.8722678144964907,0.22921322264890176
0.7677690383262183,0.19196844964446902,0.7031961247005467,0.7072314642969866,0.8187602919287656,0.7531177258293719
0.21304219565116933,0.9938382582852847,0.6815523137190262,0.8080298014729537,0.5913512415054247,0.5152147163652613
0.24836628714489584,0.495684921071337,0.16342122868503783,0.054248552797584115,0.6369475520351916,0.2259711098401601
0.3548329550806586,0.9298611980498045,0.00944472020848186,0.9181136385198596,0.5531551953147903,0.8739477484019332
0.9202270580440745,0.7006485909987077,0.022677076408140873,0.7295165319625322,0.7265360423721335,0.6864039145427104
0.7666290816618911,0.6373759397629877,0.4514209597403731,0.1719601053104658,0.7147897871825001,0.12911848948122506
0.07177814233611535,0.225118372690031,0.9200374613362847,0.2258416249250037,0.995578800159214,0.10310950587621981
0.10884368351983931,0.15645300179135202,0.8497557246177154,0.1632407682786915,0.5912719635398979,0.41055069748328665
0.1483987460285734,0.6794740458484525,0.26102554766042774,0.10098761376561038,0.3642679527704694,0.15883675631372407
0.3786419672379956,0.49032622848343466,0.6169115431218051,0.8566629565457002,0.33176382158196227,0.8575678543384648
0.20450019156841626,0.09223118367034555,0.27950090217105095,0.8085445674315627,0.7315304968681339,0.20347600707227054
0.7325263613517495,0.4070452663490315,0.07293644291767243,0.21624630930729172,0.9622874726906738,0.825877740273753
0.04195554074833441,0.916487681470924,0.9054120262463254,0.03843430220781763,0.39526639722657486,0.565024296302712
0.0605870843253723,0.44612050673165327,0.5519255623898127,0.18381740058856122,0.4437727348418331,0.3762417950184933
0.21471004438345798,0.4151535366542921,0.9520799839464451,0.593822312552322,0.8505990350339766,0.011452802606782497
0.18065298790097406,0.15020331033282652,0.1110844217708421,0.5368318670726655,0.14755771290402642,0.6015170275005378
0.8507188698313707,0.2130051136175577,0.817766847788748,0.01727001307103293,0.542706227765986,0.6315254605798385
0.84619197189822,0.6805628752023636,0.5358632920077465,0.27175758192913724,0.07563932335490686,0.1987713858466802
0.35103103671771285,0.8591123707035339,0.14046791544373238,0.8761676102966398,0.29929740276721406,0.6158430150617531
0.22979718287756645,0.2692192658871755,0.15326304783056388,0.9140146054722823,0.3952461694102748,0.7984747474190195
0.26143684207547857,0.48921566522356374,0.30544188534743866,0.3730872205483923,0.613405995993396,0.7655133327280964
0.8508840288983874,0.21500635979268734,0.8020641735661846,0.5908668147561658,0.6763746523921882,0.5318501948597337
0.30591062398607705,0.21905608279366307,0.24242249935563154,0.9150662521566404,0.21726588365384114,0.3318979112536986
0.5860887979181083,0.8777829923606545,0.7099722953995778,0.8821253504875629,0.08884238252057874,0.8670874202346768
0.0455584479509662,0.17079363179532725,0.0511782999590491,0.512941351108607,0.8739671482269633,0.972577768991854
0.4805232749673448,0.5071443338933008,0.8719901089124429,0.981801765415099,0.0448070135964177,0.8277976225686661
0.5033443028380931,0.2686087191310065,0.8748263977292454,0.8445932582154394,0.9820968821643128,0.40860700372641934
0.8826427965869041,0.429545038403614,0.7758236906933804,0.8111546734457096,0.4602173072154877,0.9485198687350663
0.3340710390872067,0.456805474818772,0.8206218241109631,0.22774645592907572,0.2710802647319813,0.6713484288936394
0.10739672557621449,0.31714787562888413,0.14484527192279428,0.7449217653701791,0.426541511569528,0.8047877281187162
0.36435089892938,0.7622929067329022,0.04667586771385979,0.9517636089741691,0.8563085850749956,0.8678163553939201
0.6344452459466031,0.8420859465592743,0.5662524641835344,0.44530872774391117,0.3127361698086989,0.1698560958973726
0.5406583103338104,0.0009526876580155941,0.9186683387659669,0.7239525272792413,0.9295611083219136,0.30648139587136514
0.8899355918129372,0.15502674031036623,0.630272347414843,0.15971457221061025,0.5919499249067118,0.13293448509271832
0.34411933393919625,0.6775592424130289,0.7337373770028786,0.6512859174947797,0.14553522746304082,0.6919104210336303
0.14442356973203951,0.589660571283732,0.6354779782197566,0.4397954626397934,0.7097219476739751,0.9844299174515069
0.5057981519709561,0.5961277889836007,0.17728177111660914,0.8529281393976573,0.6251940702165415,0.2943606933335595
0.8027750627642434,0.3953502434742965,0.024732036466288188,0.8312049050943826,0.6971160752193193,0.20505809937020592
0.08466895353894377,0.3921675441087701,0.7016446121628956,0.055916143786293504,0.3752372168205136,0.8538901513156596
0.08007697845510031,0.22878348598625797,0.22798172399225802,0.8960459782866276,0.27733796452087356,0.9851729518444897
0.37501217924231245,0.866842447299533,0.30735222177740185,0.8177123262844155,0.6548179292906958,0.548375429627987
0.02966418517389302,0.2487737924720751,0.3386470811962282,0.8269636083614129,0.041462484581279435,0.6570875752144852
0.6676813775325462,0.1382628409960618,0.08591597443281263,0.06037708467867786,0.4052326003849802,0.07701073936056213
0.22483119958392783,0.5120952079345137,0.16951395190650598,0.08492383136217652,0.1272497199879541,0.16072479681796759
0.7354289159651389,0.06842273645377495,0.5651870393944224,0.17034019829182312,0.32122788200825414,0.6084332400609794
0.4340265538845395,0.3888457528989938,0.7997106112436811,0.09639173643833754,0.413638745894201,0.6963029006861154
0.9496183827264671,0.13312737258592588,0.3862718152398532,0.8579612248591568,0.8270095077511731,0.9353150527934744
0.5161003908598013,0.1267499786278663,0.5958883172984187,0.30774510275984135,0.6510493865522451,0.2726526803173105
0.8052302039369008,0.23618427240193285,0.3378012964086764,0.7991785799839112,0.8151598196037465,0.14315163817192778
0.34307067639208466,0.5872118431552723,0.8038973042933505,0.9720712303966046,0.43840852343127257,0.05265766384205206
0.45608681846433585,0.7081922043977421,0.9472500278683343,0.7963964070485607,0.987723002463756,0.6408887918043596
0.10417170655970287,0.8415772654563954,0.5403684873261788,0.15474401327484255,0.15041395771377142,0.01988439591467117
0.6906807941660142,0.8095487900282863,0.26976387451798645,0.1989634064724164,0.20259907460892335,0.7140406672718052
0.16660079757443702,0.5103751134005027,0.8150393491304048,0.17686904056485153,0.6405894791019183,0.7402316037390606
0.8342963965236153,0.3342930310915416,0.7350352100625296,0.6890278416952508,0.4889159746049917,0.06039596304574868
0.9205322839127539,0.1932659624897104,0.6868736703038815,0.4433019466819894,0.9177963982810485,0.8115336016494318
0.6511082852166702,0.7337574013280562,0.5640074287324068,0.866571304464171,0.7298351864967813,0.5875600099285037
0.2688000810672726,0.5398773352157185,0.9078899346781872,0.8696697641609665,0.8245589943011901,0.758816393682027
0.8230527974937093,0.7374609162700659,0.9445346054889239,0.06195315059140827,0.16573438459046097,0.7519645581580702
0.18189305072206918,0.12556839240851003,0.4026981913428903,0.7284645256541223,0.9512454265083833,0.12281370210616438
0.9044380148074938,0.21266496141434454,0.4806425843287484,0.3761494034380062,0.8734643041559974,0.6978999041513836
0.15030080375456023,0.9367017859341902,0.5503414731356151,0.3770212336470036,0.745218447978484,0.4262931000966056
0.32616707427383484,0.21848800399142854,0.5466909922952424,0.1404647289837777,0.4163814250036467,0.4644143731148913
0.5479094251708019,0.24993329182542146,0.8923599816442735,0.8758891006336098,0.7393465322400891,0.9845827347627165
0.8040344036007029,0.6468547425601279,0.4177637094007709,0.7381214214998246,0.2058310457313789,0.5841918907994527
0.9163598884109306,0.9690777506249432,0.3303052112248218,0.7761647871595437,0.3117235169584497,0.8266857862610049
0.7557091799362139,0.6904829108900254,0.09747405369860407,0.7287629091532222,0.8103138692045734,0.24378535948986269
0.7607170475337491,0.6343073072525699,0.8552662177065811,0.07695264259470669,0.3604032302400145,0.7281387243546449
0.9487256886905804,0.6397455924394445,0.34969200852215554,0.8270071341254147,0.5364251174651521,0.9611313002381658
0.05628994844367308,0.1894380271163385,0.6920037340031322,0.5254981166168011,0.6763938865928993,0.27908650661114764
0.8497975606019141,0.7730759924406698,0.4132470818485582,0.35157558114053256,0.9276445301295616,0.6737089398929821
0.6320664158344705,0.9391240294164671,0.3901115126841116,0.4588086496640982,0.8212924570654572,0.9205407760839917
0.9295734088673115,0.27179584765062936,0.61598667180716,0.8695401391421808,0.32379960471203695,0.6136913128379675
0.5320292917067041,0.6144858855662494,0.6213519189142188,0.5213428482578819,0.8230243121200186,0.6550007095574691
0.7686141874181811,0.31657152375382047,0.32790418589759607,0.8485916821383956,0.9125031721827689,0.15768763629669313
0.5714477709010766,0.44605656449581155,0.9347904507332637,0.36531792421013265,0.33923136874767756,0.14819154333181017
0.053611234163177035,0.06516697917447578,0.9533498650663064,0.46277085397736506,0.015839287990960238,0.5926691646111506
0.04010717538888953,0.7347102311550198,0.3674677674201893,0.057722369222936276,0.5556168954297293,0.5866927025568736
0.997422770117584,0.48302878698792073,0.7581071961135428,0.8605078274166899,0.8701868423849384,0.988644070310532
0.3436684303884314,0.3398286241974898,0.8367371405451346,0.3163367585340555,0.7376254312061584,0.7697739447955944
0.29856396750645753,0.8130900888320141,0.04119162844155566,0.8052436555235829,0.6079225306259899,0.8787502771737771
0.21961179280351417,0.5567772459137712,0.17922917773145153,0.7307717288406286,0.1238971128184454,0.6098350036082145
0.0783081416878536,0.43531382231410076,0.12517682634008842,0.08460432801747308,0.5776053086400816,0.9273482037046298
0.7201583547331438,0.9072183279594328,0.48679071929812745,0.3983053089120012,0.40509903228381305,0.18985922726247328
0.4540168688848024,0.33149915563930143,0.8512333120572987,0.43379147967237586,0.8643822334167429,0.7589901722447442
0.6986073488256068,0.8177586096611582,0.21365833176827076,0.42426197710672287,0.4887403690357708,0.38831680488792997
0.3178898913951269,0.6744338554938352,0.16454068436716318,0.7035292140017331,0.8992851233008805,0.98549558513973
0.4975870201532069,0.14467619529622577,0.15631488879712752,0.14864148696711765,0.15209474344597484,0.14453978743514428
0.26803027799219625,0.3697155797382795,0.4809831381383184,0.8023465649794985,0.9324993938497728,0.3031531097053344
0.2210044511582887,0.5293219701521141,0.0010929924432855342,0.36390411632659414,0.06709525678981731,0.41988049141456807
0.8695356551380624,0.5923052949459245,0.4940118874730577,0.9824196435916781,0.28135134211133195,0.8438093462128455
0.39087090296883475,0.14895832123827846,0.18640729923106625,0.4088794969055938,0.23292928108263566,0.42126749593984913
0.022917293601204092,0.0815705565942626,0.8994721019071251,0.3721089893279338,0.6969366383142556,0.6391583171033545
0.7529829547632856,0.7312547739337657,0.16429392398231668,0.5807271493296784,0.6336767325968864,0.2562359470302228
0.01716970228481718,0.35299866855012374,0.36570450407789357,0.8671217252166458,0.23032918360937116,0.4824875551216403
0.7729986385994386,0.22165635403526762,0.5809569406604715,0.047187805164039864,0.024082225370984478,0.4157368013245619
0.6880533175937704,0.7537005567837257,0.6709897038681351,0.5414379579567585,0.013114701893161329,0.33807038384676014
0.03775868822560757,0.33882044256598287,0.5306373860163216,0.5700168455583577,0.2135301707868359,0.7276137507367987
0.11186386674493987,0.18781136014683153,0.2018635967681951,0.5816912508237084,0.1070478442557935,0.4517686665292482
0.5025709925508588,0.0037838093899549285,0.9048444147313323,0.3916630954466215,0.21989919680205472,0.6971400184160114
0.6573106892975413,0.5269640009746769,0.37120341719119243,0.5156935722464877,0.6417475451661758,0.04910723621965152
0.5391401760674233,0.5185578665290443,0.8643496087842163,0.7018021518268118,0.4190620749150399,0.9818851957541239
0.2849003993246688,0.006532077634859079,0.15452404133923348,0.9639627348424351,0.004579922801966507,0.8931505117920243
0.15258457261410585,0.38337556379845383,0.2646192528883373,0.07592514659094252,0.7072579661881012,0.8663749619383808
0.5764806080147947,0.34610132488413536,0.40475319511666696,0.653526748168988,0.2175610358393819,0.6627072595365622
0.9844205077235221,0.028075486067844824,0.9138295585037718,0.5257434212927168,0.9947948593422504,0.8451402269687217
0.27998155393130597,0.5071633713550207,0.8802715954308554,0.6866788970369717,0.22773875636094965,0.5435022645006837
0.4135540867525346,0.4361069381169037,0.557985513914443,0.05898281212508283,0.645928674199485,0.36744051926392873
0.8715901710068421,0.544179634642673,0.3190018587350075,0.040921941085705904,0.7104694196153429,0.7761875900826168
0.010927732502064802,0.45085799637627055,0.8949431228343593,0.5914015421394898,0.09146215338729091,0.42091438624669186
0.3408175762339639,0.7502388355373352,0.7797943700279922,0.47675062508330845,0.6458201974260441,0.7961721481860152
0.15250963402390583,0.7614717533061888,0.09914541502206742,0.23244711827944986,0.5522175611707121,0.8568923009456143
0.45095362041064624,0.8772846778455469,0.01880556281470358,0.7248693978224501,0.25173670631184797,0.3301394399982889
0.5667947509213811,0.14429897535350367,0.12237482266230293,0.7199632148152627,0.07264232592234698,0.3693519470795723
0.888707645669889,0.22882340636120269,0.7978352073508327,0.1890193269352064,0.34562443165340107,0.08223195813502993
0.7969594159293155,0.7460508343766273,0.6571001051268165,0.39885940892858496,0.7640812475318755,0.11294573233541283
0.37058258853051207,0.8982093725659237,0.8763339233145389,0.7818585688882055,0.01881230176032256,0.6862250899332218
0.5006838536896211,0.02983655159402543,0.43260534717733146,0.004162584266183655,0.8997807479366801,0.9245030901292028
0.8183993788260814,0.7122313911389981,0.40860977967275836,0.13902662583654501,0.11769123335637965,0.39176669850211976
0.28496651635684966,0.5769516892060649,0.17217429031116016,0.8378640239159091,0.8129242095672996,0.21202591915364755
0.4172040167684601,0.4499113080052778,0.7645616474440379,0.8521243468270211,0.4318561421206206,0.4604083402996124
0.03219901703401851,0.17470467902727338,0.7171515503663917,0.36848294545927274,0.6220098963054156,0.5990550826283586
0.41330818646263945,0.3113524376845943,0.9842322715631724,0.9699665926090126,0.6203949190386099,0.454004513705492
0.793663437021797,0.9476658705220954,0.14281294742153716,0.9361181231617193,0.5526525566058009,0.20248381000626237
0.20666297366779585,0.7789886703669228,0.8941759303904904,0.025485251277520216,0.8226092424555353,0.005591251573655698
0.252311060857457,0.3685033443429889,0.5212356360818696,0.2970235446667303,0.3654634558314661,0.9726138072547814
0.768937739591218,0.20607749456008384,0.22780739458168597,0.5632432933563086,0.9390911909793828,0.12091051574414236
0.05497262463776653,0.5128530273119696,0.7092240832724099,0.6313257985002585,0.8521199585232232,0.14617537985884832
0.4155057868360089,0.03644054014167242,0.3985021341899895,0.20795368948011272,0.4906954868902098,0.9810181195060036
0.31041341562673186,0.8752300544318435,0.6876004295038013,0.3243290309490614,0.835072192975069,0.904027925572352
0.5865564781590655,0.5384196616119687,0.7731316805089491,0.9676504834365396,0.4531726168481378,0.3238002170265656
0.1861671865272656,0.3418253542948533,0.1300567227341709,0.6741609303042705,0.1145608698688303,0.7879274555487777
0.8066386700816776,0.8610264383393521,0.9845910074336452,0.6710128808793002,0.6146711822037082,0.20939341584615867
0.43201360268620326,0.06296068067388905,0.5062024134172164,0.03830236141973353,0.38881330627452093,0.17715734900476254
0.6989904917838051,0.355477666899773,0.8746204268544989,0.3714518372533938,0.4663210378671183,0.9789668611421316
0.5072876775912977,0.517444845654383,0.5887577282777663,0.8213424998946328,0.6926000011562353,0.4698613740547086
0.4694168788851212,0.31405482628622094,0.162195275581007,0.27823609022077844,0.8532770398001795,0.19137720741612352
0.2715293168226186,0.7783423594375132,0.3019624850728553,0.5104150162746038,0.7687964583433247,0.9867099469727013
0.5472290505160474,0.24698318476474068,0.0871447635844177,0.4672244126416575,0.9412277068665643,0.006365026186320399
0.7226155349644867,0.7212560492969983,0.7747949274112625,0.7063273606250445,0.9470682170348055,0.6138726757974634
0.6489559087575358,0.6485500841335826,0.9654193760922728,0.138129058882145,0.6142027522092113,0.10018057849560758
0.7122517138184505,0.5619655208553964,0.05417876060914206,0.8098794039091146,0.8856185308727553,0.9557230869978989
0.9051455022755797,0.5698470880245509,0.6142825310478194,0.035847744360599454,0.08800330198902229,0.8221672491941033
0.3143982064428771,0.771094281115324,0.264510168420632,0.7340528054982237,0.5393844782368626,0.14709485434320935
0.9669338267013017,0.05211229209986634,0.674121689584874,0.11825380143828013,0.5136774322827942,0.43247570345890074
0.6676621821903586,0.0710579219580344,0.707663232423931,0.5344300885817679,0.6723850846768141,0.9271788286195614
0.8226189194636173,0.19927669409977522,0.7317555147763081,0.49386813612427005,0.24920902295050607,0.11830598683955262
0.88624501353818,0.13223821232854938,0.9229423318894755,0.3812407104412342,0.3914497991002952,0.484191939235747
0.2930731557195455,0.26353706091007734,0.1458350607340143,0.4840332032017971,0.6492295417510404,0.11117735846073451
0.23554632294507294,0.7726767985091795,0.049094065733833125,0.13432923476647274,0.17282186297709012,0.7593644172201214
0.5710086806484769,0.8191643807116249,0.24225063975033234,0.5762305069897615,0.3817813806392154,0.1636990524039873
0.9740849274007926,0.24110298889777937,0.26612137347703047,0.01421836768514062,0.823002301182735,0.3635982627387154
0.6473019487930508,0.46730753200811836,0.8217894854270396,0.9778267349728291,0.8508967912974783,0.23197373807855481
0.9322173032545987,0.5337752250966151,0.5353152040793551,0.8306625104128371,0.9640137799955342,0.5316290542062069
0.14719588271396233,0.5647249647171063,0.7029510848340546,0.1537030898760502,0.6033349845736048,0.9340851539060538
0.0939962358112828,0.08127221172704502,0.780308501858613,0.00046974865592697146,0.45611346525690877,0.5581179972865644
0.714301307107866,0.46735206397882145,0.6615039324328374,0.8495338625455477,0.9534984064233367,0.6734894526370903
0.8140311017382382,0.37800692831632887,0.5099208647194727,0.3916922678124727,0.13573835019753555,0.3676308616343822
0.3872952456358689,0.42551445916122865,0.6402715977656056,0.7877205826013602,0.005846990027892129,0.40771014105435155
0.921207208470685,0.8898853886254091,0.9104617009011208,0.8388682882557903,0.8284801791397685,0.04061461899907881
0.5740184816981578,0.463485503267283,0.27539972243908606,0.6704466700636315,0.13178309354561768,0.47148197375369183
0.5876878792355457,0.5878719306785495,0.038319124070517074,0.0501204214968205,0.05758193177241866,0.12068506040809779
0.061485877821432666,0.21935035641297485,0.28018097433033373,0.3261384727694574,0.8102088754515876,0.5032056259003581
0.6651976828895129,0.49564133198091387,0.6903070657814891,0.4011848210890291,0.3894760115381859,0.5499560792894439
0.14314280289415204,0.9395562013817729,0.3800619256985024,0.8458775849261406,0.689994151158642,0.9683453322841834
0.44090432619412356,0.4115488555469514,0.8040883027475026,0.9231804749123755,0.46020392183582337,0.18083305151900664
0.5329598566142615,0.9994049336915237,0.698228547102237,0.18857960465922952,0.2323203921356325,0.8167395027851991
0.6267613820243951,0.6925832215265341,0.4972606737289921,0.28733853773082296,0.5058325083674475,0.8451016230701104
0.3191480099527494,0.9243391937069172,0.022270762242230013,0.6040331457553587,0.4865029812783913,0.5040002321354824
0.8373653179745563,0.01198797974279231,0.9002437610331475,0.09220512982060836,0.3802743262778192,0.056901388347183834
0.9131692770194845,0.3688975677052778,0.728674429886089,0.9186434810482234,0.5644807469165146,0.4103047703164465
0.19923103260298958,0.8415761105580696,0.2872579313883339,0.15214247071685805,0.42851160541269306,0.7539238616142446
0.5369306231462514,0.1152698657441864,0.29596924084333265,0.8197143335648683,0.9183184296353533,0.44884590478341724
0.26697762829472105,0.8545471457579844,0.28099411919927353,0.31113513549027294,0.5932518909993232,0.6528200319864322
0.3199614302392356,0.14923881638473124,0.7854966432476607,0.10426337158149102,0.7741032379731572,0.7447406129038695
0.03679534998843803,0.9051054989384391,0.5835144572319545,0.9177758670187586,0.30783591819971856,0.09550351456698025
0.4770253311940209,0.3269720130424195,0.3617766670887739,0.30327312691700736,0.8391117225536928,0.2252214485753229
0.5218734809660458,0.29882884223414985,0.753088918897132,0.6704794015852719,0.4471134669900474,0.39630577444870385
0.05855482683301161,0.27115507585748877,0.4764645081607283,0.6212853473819668,0.22134119337225222,0.4632865058155575
0.20020502327287315,0.21838494694918387,0.007457892172982539,0.8389977718186107,0.11540960939061384,0.011230867750085194
0.2642218001458524,0.5543178810136967,0.7285956993460097,0.018180417480783917,0.6391798490958265,0.43965363454386575
0.10839535500129949,0.9616121888585741,0.9387621962642193,0.9263402371714922,0.7327799003768461,0.5060548887863159
0.5218911660424426,0.6799358618462326,0.822627356481237,0.3931962559875509,0.6189986937445,0.3807639400860634
0.0999474287515476,0.8296289947479194,0.04886922643852831,0.7831306786616713,0.8633750709855892,0.7942655820786461
0.37532972500764794,0.9129793882954507,0.38529014898475245,0.4258819828100159,0.3931554234147474,0.2958384895369671
0.14987948126322148,0.557115920612774,0.023349950650595752,0.3432521511147899,0.6042942227807292,0.3053028758007771
0.5722199305358779,0.6963742272780518,0.9676196351431031,0.5420676101616569,0.4799667184848502,0.009483108093031434
0.843786562153889,0.5142979982647439,0.7354075439757171,0.9283087800031851,0.9329659045509409,0.27173213846614075
0.5269054864530265,0.78875112368834,0.8984994018591905,0.08817503104310787,0.19703044864074615,0.5877163451769176
0.34872456136403585,0.47356726105331726,0.5758104630127797,0.4948915612101811,0.6368266403177641,0.5028579837645227
0.40892600271932034,0.6768406907395444,0.550030874311548,0.5667273450467489,0.29025583780040987,0.9053932125616927
0.14087141150814642,0.3885120798249263,0.9537718251864573,0.17006102675925983,0.27246341948096964,0.7240789216967582
0.21354524256047802,0.9850700294734749,0.29519566920544804,0.41238520380021104,0.6126954149803657,0.5212523096864274
0.12683340029084778,0.5156697937375845,0.7081443356402376,0.7788825771436434,0.04241981279327767,0.7512823995815333
0.4190828662648366,0.08587790125363626,0.5953699273338794,0.40551621343013344,0.843897812887526,0.686802531753776
0.7688230083601265,0.3242874647542744,0.04667499010093623,0.5075696245996453,0.235044618555171,0.09524786822211151
0.5356104023631408,0.9820485718505071,0.8660795952463881,0.48444871461506545,0.7459929318614639,0.745846568220867
0.3341230543305961,0.49364836441789617,0.40388960478069946,0.1903702108831381,0.9157082373047666,0.579028059220228
0.13353020279692596,0.1557177402961053,0.32782013226316664,0.39005979353594067,0.6841612566829306,0.44374043664756213
0.34748796389040115,0.5515911704459823,0.2180823623062541,0.54371470673541,0.2534917290492822,0.06022455020669515
0.6469819791554273,0.5862929012924907,0.030593430641595476,0.23749009248165054,0.3822321963919708,0.13928484003409347
0.9222908188551361,0.464494643703085,0.028357822550518663,0.7360812775708216,0.7173751832237484,0.0673432458728842
0.9033651143849418,0.3913239369420882,0.5279732843121223,0.8045096150589295,0.5662692486423129,0.7524583137508044
0.06581583262777368,0.9843713511944132,0.6092467143417997,0.5023710743548885,0.5760016184666499,0.004243935669552723
0.4577038468568273,0.49542333979402686,0.07571410236617859,0.4728568278185349,0.576451673790993,0.7013265089600341
0.9667705508520213,0.7629441605791623,0.14821214483715173,0.19391668546396967,0.05407771280844631,0.8241212878408484
0.015316782270345386,0.3489502899258293,0.0026242230742402617,0.5957403284893835,0.49320236804110595,0.2948708955219048
0.39385033728878105,0.11334048323683321,0.9928878335551455,0.7815461303335994,0.32285375635760816,0.34390023886682997
0.9038724583745052,0.47232194894412494,0.6271503266358678,0.01783505646595307,0.556582310920017,0.19723628801537485
0.33388187592012775,0.06175271081096867,0.5118465414187753,0.5189057773392358,0.5763954051215163,0.08840818495138292
0.5998171549801459,0.24671996256116213,0.23750452240918907,0.5675890405381075,0.7858774738183633,0.6991889394566956
0.4120687153726269,0.4549124961826483,0.08631840347591735,0.13074970475700065,0.8718577720463861,0.8755388222594336
0.6006262813701481,0.8851257715747114,0.0321234179183566,0.3319074271998964,0.3128043965114782,0.3245102393014192
0.17930453934439705,0.808714560706376,0.8671863050502415,0.6270130938143855,0.7022529370788853,0.4036735529272111
0.245581009350881,0.3005894951446656,0.928728905049439,0.2902219942940716,0.35905861850229315,0.9885345313346873
0.31503182378946604,0.024382839838048453,0.31569629255065657,0.35384583322472796,0.4234297939823125,0.6863811041448604
0.11180275087880787,0.0023680948942270685,0.6501432279089543,0.633092878241354,0.36446317002824236,0.2899531753031005
0.9312267213095217,0.5290986013479384,0.6150829615132211,0.7650931916969387,0.920643959593058,0.04648948227421956
0.15167597642401864,0.6550550341386536,0.28335130804329345,0.735594842625976,0.9125629355973895,0.3358479143256099
0.3673319308309514,0.183073690979502,0.25402788899666195,0.24766757628223846,0.3218231853935575,0.5011535528592886
0.23323521395047864,0.9815756486050865,0.6398616315425889,0.7341468814594484,0.26509160913157304,0.4351035958096451
0.8341248221408353,0.7260299274061869,0.8680043045783162,0.38300103061134083,0.2778669049026321,0.3545405354106558
0.010625685501000404,0.38428828860063524,0.30871342019589165,0.014329527575516754,0.7297262856341596,0.12094893994633893
0.1733692068247028,0.29952966724306895,0.6538894991329841,0.34461512731108535,0.6562853313547563,0.8161363913801027
0.16766187239692554,0.5249246362261712,0.2925862463346257,0.38026573133332764,0.2791490474873296,0.2843941484345843
0.10712507125597392,0.6792757077553119,0.12201386923261426,0.9132077688809552,0.5731487299812505,0.7161503317179058
0.25883033553611245,0.4892320456132443,0.13589874769828048,0.8006789528392586,0.7813438961622791,0.5421325014887485
0.04618956702196386,0.15211982441124894,0.7995404886531042,0.15207735858537352,0.3675484816977259,0.4939976890232316
0.24950086691208528,0.20415881240550338,0.6835554604573689,0.26267491671578436,0.755660124962379,0.2657124236132563
0.5104224900951531,0.5313830261106388,0.7526807065342,0.260044145179946,0.956289530729946,0.3202755471088371
0.09366829505708563,0.5127283752474002,0.26135058476334305,0.3785959796693844,0.9749530709233548,0.8410295393602991
0.6068217937964365,0.18104691375031023,0.07750594056046334,0.5495710797708505,0.8869284223315221,0.029834761398357834
0.10414943494111573,0.5506484739724317,0.890573549646364,0.3442850224464573,0.1404050917165639,0.5870272563002998
0.4701453184441269,0.8856177573717949,0.6523718263403694,0.9510949832160684,0.9778848447401657,0.3211765520221407
0.9682174057972297,0.73386655690491,0.5656665926242315,0.8857065834632348,0.4955064270378927,0.7313644425346424
0.25366168800325717,0.058571898049035176,0.8316118842346734,0.019058250068130778,0.5222314986113324,0.3987263227435316
0.46661017321244513,0.2381727408037405,0.9328360775348381,0.809145608758073,0.14927680163120982,0.9700652894987429
0.09584242765962891,0.7245836862717107,0.4640935570514544,0.34017047810197,0.28431415642565205,0.5586033781184522
0.32193195732421975,0.3105239838627314,0.3887193197638026,0.5620891256828489,0.7998899638733552,0.1889456796080511
0.3116224193061934,0.27801148715347157,0.7085279123172599,0.45599668931125004,0.37715001749137667,0.5443030528910665
0.7478495210831975,0.1895679385892296,0.7635063386342635,0.8201038918765596,0.8047012245744903,0.32865872849139954
0.9086441570344772,0.46790115673347876,0.24210468083286873,0.8101555225251156,0.6548834877375248,0.7945877506922351
0.09028633764657001,0.3454077343342352,0.45207460380382436,0.7733212707905349,0.10894060516444148,0.007864535331775002
0.2277071495659586,0.5219413231543558,0.5472835394053231,0.2562093874641995,0.8591778565570894,0.5778649763432288
0.28251962239339634,0.7299513930174177,0.6905526625847257,0.9981257692969332,0.6614062561357826,0.2910025350301002
0.03203523948236664,0.42108906146311476,0.3366447667645843,0.27693748399682483,0.17413756724598006,0.10931803703511389
0.5961434147400858,0.5390947623848786,0.15556784539920765,0.3967688867989948,0.9797912963637586,0.31355878194474507
0.6999103111796275,0.26200915132309655,0.1314951305166101,0.6288933256043252,0.18771410291474522,0.9712480758032943
0.03791741651521752,0.10301343564405163,0.2709721153911223,0.8529136648188426,0.5303778906928697,0.5154097344597445
0.6826751714394107,0.09570257485609801,0.29180463003970725,0.504575206340411,0.9529004372814232,0.8212546562058185
0.8880027617979536,0.2960741044684051,0.9337995424960682,0.4651059987172522,0.8484435408353573,0.627965487238116
0.052980014365463846,0.7477468934890974,0.03139063116783136,0.9232295145627393,0.8234552125182766,0.28043025461615256
0.6866299320971903,0.4908539598290803,0.6848232412813459,0.653338249119112,0.6963170717457208,0.7242590158904517
0.058467462930714365,0.3456108491811556,0.032096759036811084,0.9697017970360109,0.6364714067503409,0.1808093142413384
0.5556561190746003,0.15039582030243015,0.4364327180973385,0.0019173243921054572,0.9101761496199908,0.5845149004017284
0.4701330363998114,0.6357075380268978,0.890878460588833,0.20189507914873484,0.9266606702422212,0.6956869463450581
0.7170609895950877,0.38540804533790596,0.8379451344999418,0.958355444309421,0.6253283826322492,0.9256539668893559
0.607937091758441,0.43929467803438105,0.1263059684974055,0.30398255862590196,0.5058589590012313,0.800205455471321
0.018650703344499364,0.4002607758876944,0.5683073350614579,0.7251909250140047,0.2371846502721372,0.06301566478124332
0.061289920083616334,0.3642007803402382,0.25788548342810924,0.7414129003982565,0.3306286197453373,0.4622542853002607
0.8990552669621505,0.24498493199612614,0.41943214070666235,0.8896575270272796,0.22696292535062568,0.4743859131938316
0.7614934449234364,0.6064077450557753,0.015225984692113892,0.766185368560406,0.6895169852818834,0.9109035975630974
0.35031025110145764,0.8222638620247767,0.09000296310307354,0.9701843413048521,0.5275466388932588,0.9542410800549239
0.4352436557159537,0.09009819257450591,0.27118195425680147,0.36848590518115876,0.44012157223737813,0.7903843756168488
0.5071533656164823,0.2826697536215157,0.42262377128081363,0.8043537732835829,0.4166384362602378,0.033194775029159906
0.6795882898062764,0.31858156490724143,0.3491243083754576,0.7601961386743796,0.649566038056445,0.38726103216617713
0.10262958386824383,0.4564097036495782,0.2012591664119492,0.7716211417268123,0.557317343259127,0.36473758897513386
0.1260533843364947,0.3421801083038253,0.5871482520434514,0.1649724205573848,0.34163729666842857,0.2484669132294378
0.4933215027838411,0.49828617169899636,0.11075739377910188,0.8989241438617923,0.8475971525924265,0.25965130858851837
0.1640493578045502,0.9440378313713161,0.46090780056078995,0.9352360074979184,0.4701115554589571,0.41922516006694566
0.27437149433797425,0.23473865235483926,0.43613997981728403,0.2788767834477709,0.1558828379970657,0.24259245215389424
0.26775857349919774,0.5979442846368199,0.011542631736387476,0.2594396900535667,0.23352161894562462,0.20359456972537548
0.8881916932762163,0.5615907467063432,0.7593940915888999,0.7891489170349402,0.5539383597468015,0.8988259604094675
0.06403062422506023,0.8666205877783427,0.5183096277595068,0.9428750067354855,0.40999791958617227,0.5985596834355146
0.3960671797467684,0.689740080165531,0.573322092877623,0.36379536844255933,0.8821157472190659,0.8419270823085404
0.24018838027395395,0.06379148200676577,0.45813876739557946,0.31423409418387693,0.618787095605672,0.7688796191368213
0.5266879538832423,0.7132134046028231,0.24027560813266913,0.9750545178172279,0.3970429741813548,0.8777690436331366
0.33018001546424913,0.4842338434929432,0.2589494515482995,0.7808722746516957,0.5501486982539021,0.6544890165927497
0.40619162571679257,0.08077303413667325,0.13273259864305376,0.26275940862182356,0.7189325797493117,0.5269765128642848
0.8594203187772527,0.866859958143109,0.022822837584365208,0.07195271516527346,0.10188984183176952,0.3850872890402687
0.9187120165002681,0.9420938430830802,0.6665204646220707,0.8379942007034364,0.6057099936408774,0.8045796601853815
0.813244603667118,0.6680565078763755,0.9745331152027038,0.7396698321613262,0.9547763890845492,0.7777365874197892
0.5943040077738284,0.9623519096755503,0.35493634219088366,0.6556808096120719,0.9633389598828687,0.2374474013964033
0.9809677832871463,0.14550249938205684,0.230621014620767,0.42299346797809756,0.4918739915154251,0.6980409634730369
0.17805700746705355,0.053964586218794186,0.5327536689040174,0.4873527858542739,0.6631073702781483,0.8315331184756838
0.2050702231689009,0.34626720412010925,0.9276831015528836,0.38526060341427826,0.7672644713587923,0.1286562933753541
0.4358878453315128,0.34682885804060726,0.8943204899855703,0.20034856773056597,0.41785375008163794,0.9436604816618989
0.7518913361707531,0.24718114019397674,0.8726131249163409,0.053879484859008175,0.20220487575065382,0.6851340968183995
0.8107317286557112,0.5889470197728687,0.12456093279175162,0.9763611770530031,0.3488388890520274,0.24195024517386066
0.04006423780589485,0.3403775575163547,0.610365058158898,0.062467105495858766,0.024605805418216442,0.8419914233583167
0.034754266309017345,0.29699583446498545,0.22580796306491913,0.2543250888822328,0.5609532835745928,0.5106085870670237
0.022859957684859822,0.39080346255938947,0.8536735115714542,0.22442393849136377,0.8149499157189041,0.8154348529274252
0.5208375612189662,0.18873758347994685,0.3324152117205915,0.7885739624076051,0.23812854913481307,0.8249954173165488
0.6489327310546933,0.24003236192668387,0.004881342128132848,0.3078107667327613,0.9373504764906817,0.7230757149309378
0.292509595331103,0.46454907148476143,0.680924325678816,0.6912821350542816,0.37127688297534334,0.5733083398754818
0.3663241177861285,0.44757632315143603,0.7900890045717479,0.6235744482583031,0.26716155707467204,0.7894517689593781
0.5317704958594885,0.8530563955183643,0.681966346166851,0.23032869294879932,0.8761468104792133,0.4604620803750237
0.4895987454720617,0.9879449044904572,0.3489260492535514,0.9904233721229155,0.16645847720237528,0.832426302231154
0.31925649745901874,0.18223067988871622,0.7969742921600471,0.7096010977407121,0.19980069150437307,0.7441894759531273
0.013163606846248843,0.6413815852286054,0.8202864888615483,0.47473058611674224,0.2576838698527737,0.45291637235550664
0.8019432380597815,0.4259373873543565,0.6080186280985502,0.21472785465093136,0.6831778676834583,0.8637315941092057
0.02241949399713039,0.35021329013774516,0.43842892778862785,0.4534623567784902,0.7835553066195197,0.9882985879993582
0.5668887047291474,0.7659892532884157,0.9470677533772208,0.2553675416601038,0.8377782883192608,0.7909899586380703
0.3401706775034954,0.3004896801573963,0.3357354926515206,0.4043767041346741,0.8312203878911638,0.5101983035335789
0.2951566164983457,0.12817313848580258,0.09118606917381755,0.7985924941073828,0.9613823077858431,0.953806981773203
0.05182711797644879,0.19133071417855507,0.8800770631229461,0.8782982828962499,0.9464060742419345,0.9667058253972615
0.33664295148059686,0.707738546257895,0.16870351827530594,0.41841147938362444,0.0726924753527024,0.8023744340888024
0.6492341735176012,0.7911027700101678,0.9608195037546227,0.10704626126011785,0.7682428277467591,0.6891143817261157
0.7648423572363237,0.1635604923356434,0.7373717544457316,0.9501565052722482,0.25719645396326307,0.8025647339596959
0.5633653796825855,0.3256263173818741,0.947308965167646,0.6347360409557571,0.7036923921978122,0.6973216342113602
0.43899588312515936,0.9086080497825272,0.6601902792303274,0.2659908953849739,0.04450032527274528,0.9149099578158304
0.008374538612642035,0.9786697691231023,0.6611965464041688,0.6650447138412907,0.535523867945939,0.35140560767001605
0.3743351944449004,0.6551525756216402,0.8363318261412219,0.5128782161147974,0.804051850424856,0.9597161252049021
0.48938180862983294,0.5189631774899853,0.08838944495419832,0.4828331524863143,0.773769858610596,0.8697447323963531
0.5015242114556258,0.16981783416895024,0.5655636426063144,0.7564162082036993,0.3973277050477514,0.6013192927957314
0.049637200332529385,0.9598872487523743,0.6624889109807822,0.5504230533263488,0.7050852400159066,0.6542225258803632
0.21268243393254815,0.11938172415013848,0.7011248212287886,0.39098989252019556,0.06095965089109168,0.23644697757854816
0.7608342902820348,0.8424936591246471,0.7852913258972759,0.8502433943938098,0.9518235753313175,0.5905983889489047
0.6668072847118784,0.32819939758139494,0.2325231947207369,0.7214345392029565,0.3063619809760063,0.48966345714686677
0.8830950348902336,0.4124232352630004,0.8195451616834274,0.5341752526335048,0.4816164254891092,0.9634696435376159
0.43573568234888804,0.48892155536636916,0.7201689884363441,0.5565082606936025,0.5649640356643106,0.32228305771474075
0.6829780689945499,0.4886037569921806,0.7447909541636512,0.8017205967713728,0.24485067683682982,0.29683369529187964
0.1933834166272943,0.6392050612229117,0.41782113375671837,0.22684751290896932,0.506162263501191,0.715095251233179
0.15112536908466379,0.4713307578594105,0.09567303065780997,0.07542485512887642,0.0635906861229405,0.8713085988506974
0.7398009601779751,0.7773145569700941,0.9413793438014836,0.8374011330221542,0.3678458459219208,0.46520029666699425
0.4746299110318565,0.8667586650290905,0.835171998910185,0.41964523514720353,0.16862156588901556,0.06229313532053138
0.8993032436074888,0.23977259282820307,0.7002222803384721,0.3479751765503164,0.8893873541555867,0.6527134412883489
0.33844443995748863,0.16240607210206814,0.47925205540118887,0.3845082763708234,0.7038035688291683,0.8493378570702755
0.6627596888980983,0.27502278468091035,0.38443661659683914,0.10513345535759488,0.6771513579269598,0.864355869985964
0.2760151389334091,0.43584493922595935,0.7537700766981935,0.240885610659077,0.577496118194882,0.5226394801594
0.8977826812453049,0.17823710410470694,0.6007819797015636,0.6444877495818383,0.447005290065172,0.7326335714592349
0.5061375744324794,0.25884885430521964,0.709511038175314,0.578449303150114,0.9453488222537674,0.21227263234828475
0.029577290633507114,0.9887385202706432,0.6887045572467436,0.7353004938539969,0.2815516222976038,0.8129352008086725
0.4574942149653123,0.11317901511346495,0.2500264754285001,0.4619649057528875,0.9961744377427788,0.45440467460045686
0.5989407242680749,0.2213150468716194,0.40974920674572457,0.7591630432280837,0.5278945887034029,0.21970489233672963
0.4565329241685293,0.2723689800237217,0.8391788829484067,0.9640663786558971,0.9067144727907335,0.8638330454901202
0.4605805254419544,0.6927614646592614,0.1657479349359232,0.5084227583278296,0.36628985486853904,0.5440003576510886
0.7041403261109336,0.27692622698746594,0.9575011288058437,0.7237249788368117,0.7465969098461214,0.2368752146703228
0.8911977520489174,0.5942011294759412,0.3581971065983264,0.6708855091934616,0.21746422442656876,0.47326870552164835
0.7976020316224957,0.7065575496092685,0.45146984009229896,0.6884492768247327,0.5298044768358483,0.28163922795376306
0.9749756632693073,0.08288998301040706,0.07444065086250407,0.26882279195101966,0.07901392732067913,0.30352695899192306
0.5599307931572167,0.7355531112829035,0.22144646466873252,0.8284652794325885,0.7384610736295065,0.6566571643329168
0.692520987033651,0.34985183319735713,0.04704882537807775,0.23111023680287268,0.5183328667053515,0.9187535566536098
0.7719699849142868,0.9358689919787965,0.03887027739034077,0.31141856537152834,0.6448869434987509,0.11677577911929027
0.230217923927451,0.2871204488564171,0.6670396922074534,0.49294899731290676,0.045986860263454776,0.17217460114813243
0.2547424711425118,0.4325692174318305,0.010658677600592914,0.5000545592734831,0.84328474209421,0.8524439008245889
0.48521025231777426,0.36512191945800254,0.5077466141407463,0.4452003652530102,0.12629245699669034,0.2884308262093196
0.055757445427718655,0.13719685950545024,0.20443547687339558,0.16496489135195946,0.12322953838923412,0.43119956559121475
0.8572900098804166,0.3101267988464631,0.46481269760712873,0.7376815228337239,0.6356084196456826,0.8068473300751315
0.38592502900568304,0.4540213033811097,0.4588533185408964,0.24896470688297268,0.178222004796027,0.23910930189335922
0.81911679057229,0.5027718187730092,0.6065614371013311,0.370904437094819,0.6912036830571671,0.04371851586044884
0.044253334631972896,0.4482118965062569,0.22491671379827372,0.10222193398439927,0.9136815695178925,0.2852532880765055
0.45046146208711824,0.45964227143248904,0.40681013804590704,0.1783025224281688,0.12383992992331672,0.7077566158887786
0.9276635664315976,0.02330711347843395,0.005710403196738101,0.08477780393354506,0.9489916857369075,0.7143089836776829
0.5138502209465777,0.4965779600081879,0.7268389962322387,0.8684106821914942,0.13066381350447243,0.6069533551016827
0.5427864693869334,0.4562450445119016,0.6167548870284463,0.5565246278284707,0.24463697304142595,0.9933275123951257
0.4199861531884751,0.5178842178122632,0.43103016621373313,0.6737132417959777,0.05237463999810843,0.4698279250083327
0.2088285739387422,0.2583995804645378,0.7476915326729952,0.11317991874598898,0.6968819541671313,0.6610788545332269
0.5780409100515441,0.8147534459326,0.8045870157403712,0.792724789059788,0.6556458897729653,0.9017302980140959
0.22173872300618258,0.7938315239500622,0.3995543443327836,0.7119340115178826,0.6290735753461326,0.33475959590696147
0.3731035519982069,0.9197418402560583,0.5701113057283304,0.7357813933417936,0.24725053089775284,0.5745767390741302
0.46083184223267804,0.321857199184603,0.2202380382926603,0.5264041505604632,0.3013201794426549,0.4413802559504939
0.9986215175557652,0.0814183381789707,0.5685640323916423,0.18136287511700389,0.7437499389098375,0.20882217649678658
0.3623710954422972,0.049495486686820134,0.3053655962778956,0.46563078636479116,0.4557769708061,0.25521620295847025
0.9357219387928047,0.5201202169928272,0.4409287857294304,0.871745405158088,0.5462005346825034,0.7503721922883576
0.16879846789964548,0.9834510534270504,0.9881873374846891,0.879356119325283,0.30155877582278023,0.7633150131506798
0.8968588228080214,0.19411385320131558,0.7874061138481026,0.5080608689159328,0.8653528345410723,0.8729525055614021
0.3534188954155988,0.9156078624704913,0.27790712117682603,0.42997960084397857,0.92046405215316,0.8128848858900521
0.938509508519969,0.7751089767100434,0.1523174858230446,0.8244197218996157,0.5943337831215018,0.28988703795169934
0.7430008376884042,0.34974664321156324,0.5810037674131369,0.08231307570077495,0.46320112801335467,0.015294653883816123
0.8346002818980817,0.6323661055698976,0.1708664910145582,0.11551546846877525,0.7005290242262611,0.827213483707011
0.013493357627457847,0.358394163268941,0.9149430012647719,0.7696559929237219,0.30385396929572783,0.3949584031916752
0.7163163357250386,0.3041479198535577,0.756173210592728,0.8697416576451341,0.6462157335099387,0.8938624690974049
0.25746404307050486,0.2047411339757741,0.44588193425558975,0.9097131861945715,0.21986174843225792,0.6727846357317533
0.44801827173176667,0.4875161555507882,0.15650662223768685,0.010356522945997426,0.8788178561616727,0.8034243835302224
0.6038495610043707,0.29833844281053046,0.49706908028877794,0.21555601657457468,0.4420214635974645,0.31643931321932683
0.05703448146254286,0.8939926760482152,0.9916496923245254,0.02161375822676126,0.38586774395732226,0.5333437359254809
0.9727663491916148,0.9845956249874593,0.9114181445339059,0.3769212247633299,0.8861736879318011,0.39810758784505096
0.6285548601592076,0.060375200526610606,0.42777380690204814,0.6313683131434374,0.6469044406348929,0.750248877691296
0.7013866387667756,0.9574220725259086,0.4959891884513936,0.4055445388009714,0.9780858785462675,0.7851832414173955
0.2670141582459814,0.5811276059484146,0.8206124846499276,0.2665864061939157,0.49058502655632485,0.25180205832974467
0.6597152921855275,0.4283136845196067,0.7148005681425874,0.6268075806390407,0.20803072533276878,0.713081354937928
0.319046402674244,0.0906362226740528,0.970958404308446,0.19102938060670738,0.1414688357236744,0.741110242081894
0.2009813673369566,0.4560744173868232,0.34257101821930047,0.017617227851482897,0.31270328187817986,0.7498075407296579
0.8105568978819184,0.8618877525466327,0.16483046823782144,0.13905346051112732,0.010158423905963221,0.01565287215503064
0.19768859555690832,0.492049154741265,0.7992153673774304,0.02241468025597848,0.555601303970334,0.4731890756628211
0.2633259974183225,0.48581998083795375,0.8931692436207228,0.4197035793479018,0.22540392885804827,0.43445283069966123
0.2576763648580579,0.2915604535500751,0.9609848045295301,0.5418894635322274,0.5356566914644745,0.6096926670803179
0.560506059135734,0.8366669362783219,0.7051946668255995,0.46759809941300634,0.21466792122712774,0.7188558845201027
0.9916622941164379,0.9075860404343371,0.029460102849384384,0.301995611323853,0.302783587589453,0.8363379739784381
0.048553641526707936,0.793511934148394,0.3833582848750734,0.7355773382466209,0.9577188022795884,0.9803162948105062
0.7285977992125947,0.9524318539422668,0.09559377044935158,0.36313314613818104,0.5835490504175658,0.9380474806432999
0.00018767767383121026,0.24961277641554158,0.1586794733939335,0.39900669956739043,0.594655856889304,0.9236632381141484
0.2882202243728301,0.4818974538508253,0.6305039474379147,0.20359756342672342,0.3622984426451402,0.15398926367600918
0.48938584544156516,0.37662193892083484,0.00877902348225501,0.9459361833575292,0.8422694670160374,0.8917826522661597
0.7928705122974101,0.2808481918476001,0.13426935225124836,0.48830234909462245,0.6413703639455541,0.4912280112840762
0.5892846640496852,0.03781111764724754,0.5260240288046367,0.0026107636215263463,0.0060052424548938665,0.03053988968072563
0.05241962331408834,0.42197873220596105,0.6199283596766826,0.10135261828680764,0.13041822242588375,0.6096540726484193
0.7798853671452028,0.21230481000016266,0.6706460435779552,0.4039838101403366,0.06104326831100182,0.4932034166054381
0.7082006941016625,0.015417650764495305,0.7845249450969266,0.5201057115890121,0.2584690931362855,0.7675700319749794
0.21318285708086648,0.4391504574099061,0.9888422520507587,0.5015613073051763,0.474891984507793,0.2647287848627675
0.6666900568221645,0.4376596288135116,0.08414584190500352,0.7852758915579691,0.535823358547647,0.5133344919638421
0.23059606297210278,0.13450258430769135,0.640057273932461,0.05966507167631008,0.1275059267899421,0.1739774002265979
0.5452189528150355,0.28105387813826355,0.3049864694127816,0.8082554332089192,0.9660724687342515,0.7200945093062145
0.8404827383420628,0.4896699192182834,0.3806982486220498,0.9695070347863832,0.8136349897735816,0.015799124088456185
0.8080198877143037,0.771233543948262,0.8460858023522064,0.5792981511363802,0.23912971095711522,0.851471605678473
0.9657012736161016,0.20507349384182483,0.23061509151937976,0.6441418523953034,0.4068352029270569,0.7309109123145447
0.009160073008009473,0.030143840781233222,0.20988676491747194,0.6177767285780154,0.6631324034264677,0.8805298608188427
0.30879475280383506,0.1667018574553536,0.4691755959934233,0.8328382505815736,0.5812736298980238,0.8879198441902206
0.3340241245208796,0.31420354085282165,0.5594602815884179,0.13702626319343658,0.8066991502764298,0.5309570319497812
0.598527050279535,0.005983950273113714,0.39105358348042674,0.5621923205537896,0.5774569774186348,0.653927805071958
0.9346110035833485,0.032629027142509814,0.6378277694049037,0.10685649099184169,0.7251367924590394,0.2461832399393008
0.6043330153905244,0.11039202090040834,0.3146343693679138,0.11349053803568843,0.5239438222696777,0.13123499319795384
0.5441189093054362,0.7426238144281845,0.5483797562311236,0.008968218604830769,0.2458342862646964,0.8947847625660746
0.5597039371038114,0.740849806289597,0.9400067254183817,0.24231264960044652,0.3469266599433076,0.2398442881213605
0.6119301670641911,0.8569997064084676,0.08977513111496138,0.17903028133811993,0.4144300485378575,0.9539150096035194
0.9238779529746091,0.9213851755961842,0.13374806000060324,0.13414564184698174,0.3382243342810213,0.5405498131494988
0.48577937030804763,0.9395701511439222,0.10576899743599633,0.390024327169621,0.5316343429249946,0.9978620811091273
0.07920048064536478,0.04006868984980816,0.48876467100099186,0.2745065601179997,0.07468375401870331,0.6556094198770022
0.3076977961322913,0.5227752231000211,0.22194727577126006,0.8450097294099874,0.8635420523308859,0.3129557502735556
0.19901084673133396,0.9173084489082834,0.9408623147033116,0.6116588403362344,0.39269818424146985,0.8203700522243215
0.4529605823342766,0.6563625023798004,0.4391742330883103,0.8382585195243493,0.9660406157447754,0.8337353415866942
0.9470837379677514,0.6764304203293219,0.07737664791386978,0.48547446240316006,0.14628391064913682,0.3894409785739893
0.44224207651349345,0.8302006736434496,0.09350675639890249,0.15446689666961166,0.8243404345119104,0.16235734919918932
0.796026726568596,0.7748146082534141,0.9956579799917701,0.7847024491858926,0.5271900772183965,0.9051484038495335
0.9387092993676195,0.723605152735935,0.1003294230551598,0.7401792969208381,0.626272654842792,0.7865297388906994
0.2922563293526833,0.8286986238730092,0.7188730328798251,0.4595404938021055,0.14115346889612257,0.8351665845011425
0.4143323938649016,0.5843989456763978,0.7415432401991094,0.24204126040528062,0.37189926983993016,0.5260017007276996
0.2842601012914714,0.9731353174066462,0.15000644861511647,0.5246787723494618,0.9945758483191307,0.20665390012942386
0.2223094831075908,0.6680220982459067,0.38126072206540274,0.5663787095491104,0.3626476111064014,0.9976124353982172
0.6421996342141942,0.7908790619478309,0.38583025012225003,0.03513349401640786,0.24482381813234266,0.18297530201508772
0.48321454800687125,0.06351889323526427,0.5214180655418666,0.6711904808014789,0.43930456391350103,0.9174644263440246
0.6781808877838382,0.4540985396527363,0.7267937494362463,0.1476232678753624,0.6206305842247963,0.9990598263758451
0.8502717905616755,0.8538391651233671,0.45959800568859766,0.4650774578956356,0.685670803848844,0.6369209846533012
0.5639470481957566,0.9174786579297114,0.7985213892476335,0.4356264019146643,0.38582818269470553,0.6479663313424078
0.5413597178955656,0.947167734849679,0.7230080945667576,0.21989665593973662,0.8484657809737749,0.7344434933643493
0.9633062092448312,0.42742243804056135,0.15172592005163754,0.9294239346479015,0.14464476720627928,0.7561336957314967
0.9447290378423777,0.9771169805750368,0.7599812919211828,0.7296753351962859,0.486258688692909,0.347754593846358
0.5805200298622338,0.14591514832648234,0.4593075340698941,0.8551114977339134,0.30331431109623075,0.19265569866018906
0.9693262342358242,0.6309903056514578,0.9383996497821975,0.6964042823506994,0.37563312436160246,0.7945266880659477
0.4626962965508338,0.4807510627398859,0.542992517662559,0.7854669419274972,0.03436301342928838,0.3457700954768619
0.46329070483836476,0.21555297151895159,0.5616765044746532,0.16387207570369056,0.5126905652136867,0.3830182070567978
0.954611174635073,0.5657504373939777,0.7231884219123617,0.21090027763371888,0.30373916780851407,0.8219549432441483
0.6911563656827653,0.7348612274580939,0.844867386136082,0.004473481620842046,0.9243275423468033,0.4919194984634194
0.8755996643549023,0.07829947116635816,0.028318906483934425,0.29669848188718095,0.18569800199635011,0.7348341293373662
0.24230511585667802,0.350442608664815,0.9104749691454637,0.4200777859116609,0.6588344605219281,0.358865138057502
0.014730149784849766,0.9111355900366737,0.0674153412089803,0.41374066666590503,0.328072775158742,0.4208240196719789
0.8170169712521124,0.3463434453110945,0.7459482393631043,0.8421222724504019,0.787776322384701,0.7694193673145653
0.1736657068775127,0.22813321749304438,0.5652404346120504,0.8283383282953645,0.4427313871213725,0.8675125003088003
0.8953127587898241,0.7440270799474422,0.02923865183463059,0.9098309829197839,0.11112089830896565,0.7812582544455989
0.9716791084140289,0.42309733511123016,0.4299727164138447,0.8599269061931644,0.7526021809010724,0.3232927468569815
0.4314271228251175,0.7799871604759926,0.7778868771173342,0.6039026959689965,0.5214001854589981,0.7046259416519202
0.7885432788243778,0.6408556499874171,0.07509315107716918,0.17263897006660733,0.29498461891318195,0.00027245747866344594
0.645053737300253,0.3323403418032085,0.7721731512248418,0.621633978955917,0.24479195661913988,0.5285620288815794
0.5297742801854706,0.35430085732937133,0.6893502466396153,0.19113858499579706,0.021956649407246065,0.6833352199203303
0.5548002322975144,0.2146122720408058,0.9791881451683457,0.3454808237198522,0.7516671502545405,0.2644006157834615
0.7325313804624362,0.35468365548313596,0.050186489231846876,0.06695627362368883,0.9898059873289733,0.6333921044623406
0.2726853347133591,0.5899523652803189,0.6162763503908613,0.5305160854456499,0.5590831395378274,0.6540658731332843
0.0949694580942334,0.6718006065595535,0.8577442713369838,0.913294076260214,0.38945554745061206,0.6702268164166441
0.16996670969948524,0.6045576762158019,0.8995328119431851,0.04087809633893291,0.880539256179407,0.7649021792476476
0.18288718182833263,0.10195617401818857,0.3997637127755067,0.7571283321620155,0.6582708161291617,0.34859014542347433
0.8020119681704898,0.9557997263373755,0.06387137804378862,0.01911719135205192,0.3208573472693138,0.9207904990737873
0.010460726110898433,0.4046742784103593,0.3338938761336038,0.08679094623471739,0.2986935794612299,0.9769980237295514
0.7736135295408352,0.5682842120450948,0.954306426510172,0.8861940349842118,0.37787428272017365,0.12442066793730311
0.7470772306210234,0.19314462029130963,0.20839818570548863,0.16478255399845687,0.40142761780906444,0.8176390415018733
0.5452032191374074,0.8234872559984494,0.9109106141841267,0.059986932771206036,0.36123446740835974,0.8639713622476577
0.7154357938986824,0.253782348884266,0.1273582661356496,0.0972160949413482,0.8005451826537006,0.32309217965312653
0.1336224990691749,0.7446964118216782,0.14984543364382108,0.5004420093502199,0.614886932025848,0.46385645204862236
0.894788825044717,0.1321029165443951,0.00995550475889695,0.17373818783544126,0.15073133244298076,0.05839436194783565
0.2694235941291393,0.7281131445611528,0.07086391770638145,0.29214650756973204,0.6048814457334227,0.7183023742635473
0.7659822607356793,0.9342179827593715,0.6614781161358131,0.22899520274632568,0.044379612587231,0.345538883340315
0.4017709806437233,0.49916294814699447,0.7891682427883064,0.18117514233482312,0.2826496163083122,0.2842376960436882
0.4603443322170009,0.09891867613709082,0.31104229258771343,0.2710850579489724,0.2133253778512667,0.08656103825281891
0.7835623427714203,0.03308501789292129,0.6608909534944223,0.01632393906292018,0.3027176952068823,0.5827126216007842
0.27679461107280967,0.7072447215568909,0.5772749789902839,0.22573398088401053,0.4444826398360414,0.996633573887904
0.04918173707150986,0.9179153916619218,0.504632215432482,0.43208687221514297,0.9317782227907554,0.14250314099767425
0.09798911272669553,0.2413655784066373,0.16776168755016885,0.04973136620321883,0.8161740599173795,0.4921477367923104
0.831981628059864,0.5140760162656371,0.26556148057253925,0.6979033620986935,0.48782614692809756,0.6358947336021988
0.14809721966727618,0.8066911135156077,0.9454534481584705,0.4956771724014385,0.3281826267121334,0.9964740706707308
0.9828514463585979,0.39671000473018847,0.11418297850325554,0.031602074309667105,0.6911394545725845,0.09741593365525125
0.5599189607426268,0.26334429824836947,0.3336815181655097,0.8984526720816741,0.004002035707871943,0.09573166812582745
0.36990839953721566,0.0925130680886792,0.30924328642192633,0.39789011683604514,0.2230731259917238,0.7959215006977038
0.11811062078426282,0.24783592727026382,0.6226708049161226,0.3318990257504084,0.1678730265225351,0.28452196903976523
0.592607150226733,0.5982951019600874,0.4861239675204574,0.7066221570216904,0.9267597113046924,0.9417104850682115
0.48777439109505394,0.677914446389729,0.740500745913193,0.16881529834912756,0.9288762895192882,0.5402936033720889
0.9733974739330253,0.8393432045847996,0.9580373906639472,0.4448070757812741,0.3394394752231691,0.08266862541197362
0.9332175164932007,0.16538081052282316,0.5007088930808196,0.05162855783045739,0.8502587629385248,0.3834692952137463
0.6621102386003704,0.7341259767017839,0.32078980973216953,0.6833186989494415,0.0823536909602608,0.7153184971419831
0.39308506230661877,0.4915991328174719,0.9916067269670878,0.9707397221448464,0.3999881180044528,0.6127365270035585
0.4347519887858261,0.6235128216134892,0.9705454474359695,0.7213018943167949,0.03465239554391086,0.5320103475060205
0.4023787936826335,0.20276922274403664,0.5853236488598249,0.3314058894753913,0.8728491284336838,0.9906451028304445
0.10264789789689588,0.5097439850661594,0.1903736626013286,0.842231197154821,0.3131912237789721,0.29559257040573494
0.1809490062620568,0.485312086995495,0.3219962275812027,0.12126277221229642,0.8159896172774829,0.5575538661351382
0.8403395187642737,0.3128064650883655,0.5494100194249077,0.9995125868717972,0.6491595689024295,0.012717168679941548
0.06051093027205712,0.3980646142306594,0.392088981978156,0.8572539005448265,0.697814638109457,0.7047654198024071
0.2662058390092503,0.2878750853980615,0.1142266765276152,0.1206525501558382,0.5497326252167766,0.8640156426488907
0.541421597397551,0.21202324334258094,0.015393517103967302,0.6539069207091448,0.4042984457794211,0.034113191448430724
0.9740576288184292,0.2219623687757789,0.8030636567307593,0.09997140891914691,0.3478623621859406,0.48108260807279524
0.4101444955891962,0.45610095393915284,0.301118735151629,0.6828678008815162,0.5097797742039195,0.6814296534028339
0.05737012177169465,0.5378041878415246,0.244705531597193,0.41399850391759907,0.18410952084384402,0.6123626377835366
0.8578922517203448,0.22165819031993184,0.8739497494604999,0.8888004692183513,0.26099357797832645,0.11621608313078202
0.15411445750482622,0.1684391170873476,0.22303446016731743,0.4833901702044823,0.3617138358973362,0.8312516664491411
0.6171187999222111,0.10480808871647829,0.5372088548084104,0.7292336982225057,0.6603972526444184,0.11365638782255283
0.5278204069858042,0.4892882931008262,0.8486621972360013,0.7629375790267585,0.3865303515817846,0.8324532157663543
0.769280905957417,0.19679105256702933,0.344687079098419,0.7883381279920266,0.39146717912722784,0.2931539633218271
0.39486490209486846,0.7391318619735607,0.5649680510840169,0.2346679438213075,0.24810456706846362,0.17976671829725355
0.4540418825840866,0.6587995856228684,0.3417527786325324,0.9432017224664144,0.2004646768123306,0.3606882769193165
0.20809059387751117,0.6705930197439529,0.7273635389124818,0.4652776704722532,0.9262315264271401,0.9167421003108209
0.8315459352341552,0.6049459879173704,0.6845673431315685,0.574965939866898,0.6523100628015884,0.9268764428979808
0.9198206182816667,0.18951949260351442,0.7890890593093918,0.9259144014460187,0.9002270656827505,0.8438645512616613
0.009565094500520566,0.4934346095355888,0.6667586138300002,0.9579992756033568,0.7878948910283753,0.24037902355148366
0.21403754691259191,0.1345678231177374,0.31349782621517774,0.7744362975758106,0.9818633070065802,0.6101786586251771
0.030195467472561965,0.6141766533496157,0.6481629324068133,0.1704309554491975,0.7233337034768335,0.5064289542901979
0.1558189321617055,0.8518851303172962,0.4872970532572569,0.22550078520618466,0.18384497252479293,0.9156226858588651
0.5656397113223844,0.12031297369745975,0.7324626134435434,0.8242293959445405,0.3776501520762333,0.7999484042121018
0.7278229845195318,0.673894085423901,0.18104799277610328,0.711010050569706,0.7477492628337437,0.007066562006779686
0.3618502900819822,0.6354840150461497,0.671961050115187,0.24409874634993622,0.20729931358784182,0.652816720394524
0.8330435876757641,0.10798041644801837,0.7376722235802368,0.21045318688702042,0.09054890731254572,0.18007242283399494
0.6747941928882996,0.8271724728684295,0.981183811720809,0.2570682381061168,0.3301910152509311,0.3612279758591458
0.7086411509875733,0.5372405755845184,0.9193726961228739,0.9416092167513929,0.8856854920848416,0.7651768131885759
0.14796757537880567,0.4623359310150411,0.7820270568622951,0.2917407439998201,0.6752372980203655,0.5981181256712139
0.6656269264738369,0.7492648180374348,0.3574628048819708,0.9559605191911164,0.12439749655484567,0.44354683945651774
0.16240476680222227,0.8722539678807264,0.5271058949708601,0.2657012193403049,0.3162728628947975,0.8471940706085795
0.8697889087651025,0.8687952876653302,0.9136257518253135,0.39753045590945024,0.919981578133612,0.30952472340353165
0.08298527058289928,0.02318755821682128,0.11149665267777409,0.9158898395811584,0.4790121453339129,0.18886272311088137
0.6281067638279527,0.7026331383971903,0.3143932506774959,0.4833055232292135,0.20490551326226725,0.9367796065333955
0.33829806286196085,0.699677412859372,0.7134468334537489,0.1282099946670079,0.32704435680877675,0.015299593616007856
0.19534736292417565,0.011627514261615568,0.5187559776554268,0.49615387887982965,0.4882989914757049,0.22429888716156232
0.43805893188843514,0.26765382893176526,0.7957610629518308,0.6288877245576476,0.39973683430598195,0.6736378728466544
0.2693858409685582,0.23672756358101155,0.6034513224611163,0.759191983690325,0.11944914608426449,0.5014182268725385
0.376763102771116,0.3113923500644382,0.7061134395144875,0.15920175914829282,0.442866939967425,0.867582406600683
0.8151906807110486,0.6057524189693082,0.04253934941876747,0.5735158717329456,0.7088662210826981,0.7364090291654827
0.3275497128276501,0.6510756922303912,0.4642084287895094,0.7127270416720126,0.8319755099780742,0.6480765710108325
0.3090712439533213,0.6432480372388232,0.38405782771992636,0.5053603037405014,0.5684973554371993,0.6247021540528996
0.7437984674773271,0.5990852450363883,0.1804914957014233,0.8117376697886872,0.8307571529929407,0.8816350672196529
0.02253457407944026,0.6858879614576794,0.13552800563089806,0.45621933521709157,0.6265527028902987,0.7709449151539844
0.5403453465131332,0.3234035250277084,0.15185783126129382,0.6396531473121334,0.6396239183457216,0.19026965260333495
0.3468002383874328,0.7617523674193435,0.07612576085651523,0.4140490893163621,0.4200515725447409,0.2128040464136257
0.325677907525585,0.3001874963358123,0.41549705741780874,0.27794910492894853,0.5248600375199579,0.06532653702190783
0.32233248898362576,0.07031155487482899,0.4182885209009469,0.05486968144537152,0.4834579892994445,0.932190691742015
0.4063490519243754,0.9293406227614218,0.45663211504337575,0.23163088987739455,0.05844039645384802,0.8298658632610308
0.6835155116473514,0.8571172590665457,0.684946948990344,0.5615242626501684,0.3447305332863394,0.4439379986100831
0.009058889402905668,0.9270213618299207,0.6081717144457438,0.7927787686907171,0.012547042219707816,0.7133860183251298
0.11331407121932546,0.11164597660731712,0.08064965537297886,0.660685944215166,0.1320187836374872,0.34550986105887527
0.6208289040415735,0.5017866466309959,0.9174297643177656,0.31381363391393613,0.3669051874764251,0.5222644028989026
0.885812743447021,0.4587859001747032,0.3231770117838624,0.9409175073011964,0.9656286987522067,0.2972084406722746
0.3820846906674308,0.3361137317753635,0.6630514236948384,0.7768350395603797,0.6279516518998274,0.26208101184463684
0.9256174499132548,0.8884994400925371,0.6733097809385066,0.8607501525484195,0.7522626938699922,0.6056478364748769
0.294757165482738,0.31152865997478774,0.0768051524213853,0.2617939708580268,0.0005640572476762751,0.4225304979741078
0.7289845221963025,0.4410012344815687,0.36055886963966455,0.6360821659271286,0.49305635565486217,0.1316500154072613
0.37814658466737683,0.3198963240951138,0.39411241249310713,0.0429240169586077,0.557752903378793,0.21542676535689353
0.9375389383548101,0.24645639547570042,0.5637516807460397,0.4941970646206837,0.2982292193106377,0.053178264327600644
0.5907308668118023,0.9869634529352499,0.4063478856268221,0.9538815924253466,0.14576906034910087,0.09454627241120594
0.20204139820518885,0.8858445487229797,0.40202998896707354,0.05911645863837256,0.921111240640254,0.8951952032186089
0.2955769230856422,0.4179379659283492,0.5895584147205185,0.8450200343589914,0.9449017222789008,0.9473646600479703
0.40259838010943316,0.26729076553625,0.5673400918550737,0.5631093905098069,0.5576401454945565,0.7935319024007612
0.5748812513310335,0.534426440444104,0.8015691475702443,0.01473020626989996,0.8294234686272093,0.3460472570439681
0.9173718306593586,0.7705946573755624,0.5886752996651073,0.2154103346918136,0.645737833458365,0.9948231227961172
0.3113200708245345,0.4163179089381397,0.08244969683893832,0.3568658534045338,0.3421247530979762,0.9033991565177759
0.9520340654067707,0.6944909509763195,0.2868946779295548,0.30294518296196327,0.3924073180983859,0.8340850302855556
0.5931980842478074,0.1643355840602636,0.7628790581410281,0.8819244791586707,0.16974626988521924,0.9374309208677157
0.1464992321545283,0.1986115542122867,0.30674817122523923,0.6518991689972259,0.8975926559904717,0.41981932276709244
0.8451850837997325,0.6922126576810743,0.5247545939627185,0.8978332255753224,0.9005440409445123,0.9124001653079921
0.4945493042234953,0.5728456107108162,0.5151680618135085,0.3982067312709734,0.22103799693876025,0.5602376748217325
0.8708119424927377,0.6647109379356063,0.5346726023777717,0.9739628966601085,0.37576467193249663,0.5617595043274799
0.6148324181140105,0.4755604915373026,0.011135577068047797,0.6954609294830965,0.9430383543433317,0.8408143496581957
0.6357296690989419,0.3064742459296602,0.5581105550594211,0.4845482991827732,0.9340999377544622,0.16908893175590478
0.8931784506544119,0.8328323664187105,0.688617011943187,0.17602822814372332,0.6220951989725275,0.91821433052273
0.2090386822856124,0.8872836711182589,0.9550658730453505,0.02488439382219454,0.2047512562759075,0.2456300013985807
0.541995335577135,0.4424158224025806,0.7743224050483086,0.8795936735870031,0.5528683341583989,0.3270125384324867
0.764853598953472,0.4016666684338053,0.16260536225477662,0.7350236302942226,0.5302660262333115,0.8477844993712967
0.060138870152365964,0.33391900947850073,0.6291708278164088,0.3760384234547983,0.6454932626318532,0.663085807072743
0.4651020240880527,0.2747108970772697,0.18764285957324445,0.7338445698946711,0.5576172680713789,0.6488592948793572
0.6326626556264652,0.9214637235835438,0.14400048975791957,0.0024570258236792375,0.801770606551692,0.9140213208302032
0.6077533216922304,0.7434619391084814,0.3174176514344954,0.225069794683735,0.18590268176701674,0.19915969778400233
0.940219909376803,0.6409165773765906,0.21832776859002367,0.5947600758954094,0.10435390551494961,0.951806383608005
0.46838758730497143,0.17869332450596376,0.860694586925213,0.24581494139664162,0.08511715054617763,0.9845777002092588
0.8413517158655167,0.5939151750864188,0.12049287304244483,0.6779921102487582,0.45976694970056264,0.5605898513529582
0.9055206128621136,0.1161454080298957,0.5148021206229929,0.6564106902429774,0.769522828643689,0.2902787616681326
0.054981573155704844,0.7106193796677597,0.34312383602791374,0.7927237849521288,0.9654434014866333,0.032648086790417086
0.9586290451665299,0.71653713438987,0.5337852338873719,0.0892207749067877,0.8814218647928455,0.7991969288600366
0.6796539314180425,0.663008599249508,0.49426671346490525,0.6776079461112097,0.015382152217040423,0.5935877143015627
0.8900090268362011,0.7885775015709048,0.6255293763019069,0.14364981961282564,0.06224383679985712,0.5389537338274242
0.35991465085084984,0.8425583095297561,0.6499017970953326,0.7962398792780085,0.9139814463767167,0.05467451277564872
0.14187921682889137,0.5551899248235799,0.33994430425234967,0.6130477535097325,0.10554966239439578,0.5644382913703738
0.5382479568926164,0.47672080371196257,0.09380658593145386,0.6620068447834014,0.16393459986674952,0.6667532296228114
0.5945270266537813,0.7044666059561623,0.5860536587345563,0.355387157779963,0.02526432933914191,0.52850014186331
0.8279168038320968,0.4674447174821045,0.49345241420381025,0.3771716935164061,0.1388386719654391,0.6111749763525974
0.482826738491952,0.39846197391276295,0.007421174842396128,0.15394043193135976,0.36463458568838525,0.045710682630017874
0.8223889220158046,0.870012746892537,0.03076174038091606,0.013157818310748803,0.8976957517547193,0.3243117543230416
0.8940523342774439,0.2159217427951694,0.7033940145271386,0.7175251627394753,0.06344792456238435,0.8692249574559979
0.5435806832830926,0.21512763166394933,0.9722762704194432,0.23730175897926897,0.3583352494325396,0.6435929489439376
0.8198987713239265,0.625761268763285,0.20653385017574166,0.6268780607085923,0.9814621138180557,0.1442111085433364
0.2373957059794456,0.582409999432453,0.36205554904268367,0.7410383936080459,0.0762443756326634,0.22583164327568062
0.3271092619538737,0.41408872973025357,0.3209960237384646,0.5504609732258727,0.27464897474347283,0.7149191972956668
0.570990193308901,0.2704252875865164,0.5053433205014884,0.17923481904193084,0.1958385200960826,0.26074729752948766
0.315453080220366,0.8136951767061215,0.2597971760343494,0.8985640445851225,0.8653357277459726,0.3122594524574921
0.08230982202932025,0.8771030647020597,0.7517541608870072,0.21100051786641372,0.11460401359019656,0.5968181152601306
